season,id,name,position,team,conference,countablePlays,averagePPA.all,averagePPA.pass,averagePPA.rush,averagePPA.firstDown,averagePPA.secondDown,averagePPA.thirdDown,averagePPA.standardDowns,averagePPA.passingDowns,totalPPA.all,totalPPA.pass,totalPPA.rush,totalPPA.firstDown,totalPPA.secondDown,totalPPA.thirdDown,totalPPA.standardDowns,totalPPA.passingDowns
2021,4692557,Dee Beckwith,RB,Tennessee,SEC,1,-1.514,,-1.514,,,,,-1.514,-1.514,,-1.514,,,,,-1.514
2021,4372000,John Stephen Jones,QB,Arkansas,SEC,1,-1.041,-1.041,,-1.041,,,-1.041,,-1.041,-1.041,,-1.041,,,-1.041,
2021,4432663,Dylan Betts-Pauley,RB,Vanderbilt,SEC,2,-0.788,,-0.788,-0.703,-0.874,,-0.788,,-1.577,,-1.577,-0.703,-0.874,,-1.577,
2021,4035576,T.J. Hammonds,RB,Arkansas,SEC,1,-0.754,,-0.754,,-0.754,,,-0.754,-0.754,,-0.754,,-0.754,,,-0.754
2021,4430845,Darvon Hubbard,RB,Texas A&M,SEC,2,-0.511,,-0.511,-0.639,-0.383,,-0.639,-0.383,-1.022,,-1.022,-0.639,-0.383,,-0.639,-0.383
2021,4586314,Bryce Stephens,WR,Arkansas,SEC,3,-0.495,-0.495,,0.403,-0.948,-0.939,0.403,-0.944,-1.485,-1.485,,0.403,-0.948,-0.939,0.403,-1.887
2021,4570581,Hunter Salmon,TE,Tennessee,SEC,3,-0.46,-0.46,,-0.161,-0.833,-0.387,-0.161,-0.61,-1.38,-1.38,,-0.161,-0.833,-0.387,-0.161,-1.22
2021,4431142,Jimmy Holiday,WR,Tennessee,SEC,3,-0.437,-0.437,,0.073,-0.409,-0.975,0.073,-0.692,-1.312,-1.312,,0.073,-0.409,-0.975,0.073,-1.384
2021,4689352,Brodie King,WR,Mississippi State,SEC,3,-0.423,-0.423,,-0.658,0.047,,-0.658,0.047,-1.268,-1.268,,-1.315,0.047,,-1.315,0.047
2021,4875209,Andison Coby,WR,Tennessee,SEC,3,-0.406,-0.406,,0.105,-0.661,,-0.406,,-1.218,-1.218,,0.105,-1.322,,-1.218,
2021,4697122,Gaston Moore,QB,Tennessee,SEC,2,-0.391,-0.391,,,-0.396,-0.387,,-0.391,-0.782,-0.782,,,-0.396,-0.387,,-0.782
2021,4597679,Luke Altmyer,QB,Ole Miss,SEC,57,-0.287,-0.362,0.025,-0.396,-0.055,-0.674,-0.164,-0.423,-16.363,-16.637,0.274,-6.725,-1.093,-10.104,-4.93,-11.433
2021,4692679,Deondre Jackson,RB,Texas A&M,SEC,1,-0.286,,-0.286,-0.286,,,-0.286,,-0.286,,-0.286,-0.286,,,-0.286,
2021,4430992,Kentrel Bullock,RB,Ole Miss,SEC,10,-0.278,-0.186,-0.288,-0.231,-0.507,-0.051,-0.423,-0.06,-2.777,-0.186,-2.591,-1.154,-1.521,-0.101,-2.538,-0.239
2021,4575123,Anthony Summey,RB,Georgia,SEC,5,-0.266,,-0.266,-0.197,-0.031,-0.875,-0.483,0.6,-1.332,,-1.332,-0.395,-0.062,-0.875,-1.932,0.6
2021,4431514,Daejon Reynolds,WR,Florida,SEC,1,-0.259,-0.259,,,-0.259,,,-0.259,-0.259,-0.259,,,-0.259,,,-0.259
2021,4429209,Beau Allen,QB,Kentucky,SEC,17,-0.222,-0.477,1.686,0.797,0.168,0.638,-0.347,-0.045,-3.78,-7.151,3.371,3.984,1.01,1.913,-3.465,-0.315
2021,4430841,Carson Beck,QB,Georgia,SEC,28,-0.189,-0.239,0.04,0.235,-0.376,0.007,-0.223,-0.149,-5.29,-5.491,0.202,2.58,-3.762,0.042,-3.349,-1.941
2021,4432782,Brock Vandagriff,QB,Georgia,SEC,1,-0.187,-0.187,,,,-0.187,,-0.187,-0.187,-0.187,,,,-0.187,,-0.187
2021,4363640,Jeremy Moussa,QB,Vanderbilt,SEC,8,-0.171,-0.171,,-0.062,-0.049,-0.516,-0.09,-0.414,-1.365,-1.365,,-0.187,-0.147,-1.032,-0.537,-0.828
2021,4429023,MarShawn Lloyd,RB,South Carolina,SEC,67,-0.145,0.334,-0.184,-0.219,-0.012,-0.261,-0.236,0.018,-9.721,1.668,-11.389,-5.907,-0.311,-2.871,-10.156,0.435
2021,4698836,Jay Sharp,RB,Auburn,SEC,5,-0.133,,-0.133,-0.957,-0.399,2.049,-0.405,0.957,-0.663,,-0.663,-1.914,-0.798,2.049,-1.62,0.957
2021,4362400,Rahsaan Lewis,WR,Kentucky,SEC,3,-0.126,-0.126,,,-0.173,-0.103,,-0.126,-0.379,-0.379,,,-0.173,-0.206,,-0.379
2021,4362496,Lorenzo Lingard,RB,Florida,SEC,12,-0.123,0.804,-0.208,0.023,-0.453,0.179,-0.207,-0.006,-1.481,0.804,-2.285,0.068,-2.266,0.717,-1.451,-0.03
2021,4568024,Josh Williams,RB,LSU,SEC,30,-0.104,-0.428,-0.005,-0.061,-0.319,0.091,0.103,-0.285,-3.115,-2.995,-0.121,-0.489,-2.235,1.272,1.438,-4.553
2021,4691688,Robbie Ouzts,TE,Alabama,SEC,2,-0.094,-0.094,,-0.094,,,-0.094,,-0.188,-0.188,,-0.188,,,-0.188,
2021,4431431,Corey Kiner,RB,LSU,SEC,81,-0.066,0.085,-0.069,-0.093,-0.104,0.144,-0.062,-0.089,-5.318,0.17,-5.488,-4.367,-2.8,0.862,-4.245,-1.073
2021,4433827,Rocko Griffin,RB,Vanderbilt,SEC,153,-0.049,-0.261,-0.028,-0.086,-0.119,0.16,-0.072,0.054,-7.549,-3.655,-3.894,-6.691,-5.256,3.836,-9.061,1.512
2021,4692666,Earnest Crownover,RB,Texas A&M,SEC,5,-0.02,,-0.02,-0.289,0.383,,0.091,-0.465,-0.1,,-0.1,-0.867,0.767,,0.365,-0.465
2021,4427511,Travis Tisdale,RB,Kentucky,SEC,1,-0.014,,-0.014,-0.014,,,-0.014,,-0.014,,-0.014,-0.014,,,-0.014,
2021,4242881,Trelon Smith,RB,Arkansas,SEC,104,-0.007,-0.385,0.02,-0.023,0.104,-0.02,-0.015,0.035,-0.71,-2.697,1.986,-1.333,4.258,-0.099,-1.301,0.591
2021,4431286,Armoni Goodwin,RB,LSU,SEC,18,0.005,-0.468,0.064,-0.387,0.775,-0.347,-0.13,0.678,0.082,-0.936,1.018,-3.873,4.65,-0.694,-1.953,2.035
2021,4429410,Sevaughn Clark,RB,Georgia,SEC,14,0.007,,0.007,-0.208,0.083,0.31,0.049,-0.07,0.094,,0.094,-1.25,0.415,0.929,0.442,-0.348
2021,4686301,Marcus Pierce,RB,Tennessee,SEC,31,0.039,,0.039,-0.022,-0.025,0.365,0.048,-0.04,1.223,,1.223,-0.355,-0.248,1.825,1.343,-0.12
2021,4567747,Garrett Nussmeier,QB,LSU,SEC,58,0.04,0.04,,0.098,0.145,-0.1,0.082,-0.014,2.346,2.346,,2.165,3.34,-1.194,2.698,-0.352
2021,4035106,Dawson Downing,RB,Missouri,SEC,26,0.045,0.591,-0.156,-0.109,-0.312,1.265,-0.055,2.544,1.174,4.137,-2.963,-1.523,-1.87,6.325,-1.37,2.544
2021,4692922,Josh Oglesby,RB,Arkansas,SEC,4,0.047,,0.047,-0.473,0.298,0.066,-0.473,0.221,0.188,,0.188,-0.473,0.596,0.066,-0.473,0.662
2021,4430897,Alex Adams,WR,LSU,SEC,1,0.05,0.05,,,,0.05,,0.05,0.05,0.05,,,,0.05,,0.05
2021,107494,Trey Sanders,RB,Alabama,SEC,79,0.057,0.406,0.023,0,0.038,0.449,0.013,0.327,4.472,2.844,1.628,-0.004,1.259,4.039,0.876,3.596
2021,4567400,Nay'Quan Wright,RB,Florida,SEC,90,0.064,0.396,0.003,-0.095,-0.036,0.779,-0.011,0.248,5.771,5.537,0.234,-4.094,-1.082,11.69,-0.685,6.456
2021,4682745,Jaylen Wright,RB,Tennessee,SEC,91,0.074,0.035,0.077,0.059,0.087,0.687,0.002,0.411,6.715,0.21,6.504,2.662,2.619,8.926,0.132,6.582
2021,4429012,Kendall Milton,RB,Georgia,SEC,57,0.08,-0.375,0.097,0.126,0.055,-0.107,0.094,0.017,4.576,-0.749,5.325,3.648,1.054,-0.854,4.404,0.172
2021,4429002,Demarkcus Bowman,RB,Florida,SEC,15,0.083,-0.795,0.146,0.024,0.361,-0.372,-0.078,0.326,1.252,-0.795,2.048,0.194,1.803,-0.745,-0.704,1.956
2021,4431948,TJ Finley,QB,Auburn,SEC,148,0.084,0.069,0.292,0.037,-0.03,0.168,-0.032,0.224,12.474,9.557,2.917,1.623,-1.46,8.216,-2.565,15.04
2021,4429133,Malik Hornsby,QB,Arkansas,SEC,36,0.086,-0.36,0.404,-0.126,0.015,0.781,-0.289,0.675,3.089,-5.404,8.494,-1.892,0.147,7.811,-6.354,9.443
2021,4570674,Kevin Harris,RB,South Carolina,SEC,169,0.09,0.096,0.089,0.014,-0.097,0.599,0.124,-0.047,15.19,1.631,13.559,1.109,-5.747,13.779,16.798,-1.608
2021,4682565,Tyler Macon,QB,Missouri,SEC,30,0.091,0.04,0.167,-0.229,0.146,0.851,0.091,0.09,2.717,0.717,2,-2.289,1.022,8.509,1.725,0.993
2021,4362620,Kavosiey Smoke,RB,Kentucky,SEC,87,0.091,-0.607,0.152,-0.097,0.312,0.499,-0.023,0.473,7.893,-4.246,12.139,-4.651,11.547,0.997,-1.564,9.458
2021,4430183,Logan Kyle,WR,Vanderbilt,SEC,1,0.095,0.095,,,0.095,,0.095,,0.095,0.095,,,0.095,,0.095,
2021,4426399,Ramel Keyton,WR,Tennessee,SEC,13,0.096,0.096,,0.135,0.606,-0.504,0.332,-0.28,1.253,1.253,,0.947,1.818,-1.512,2.654,-1.4
2021,4431375,Ken Seals,QB,Vanderbilt,SEC,213,0.099,0.095,0.149,-0.402,0.146,0.461,-0.199,0.429,21.1,18.574,2.527,-28.168,10.073,30.886,-22.246,43.347
2021,4685739,Tre Bradford,RB,LSU,SEC,2,0.104,,0.104,,0.104,,,0.104,0.208,,0.208,,0.208,,,0.208
2021,4429145,Harrison Bailey,QB,Tennessee,SEC,11,0.111,-0.321,1.263,0.463,-0.267,-0.608,0.122,0.098,1.223,-2.567,3.79,1.39,-1.068,-1.823,0.731,0.492
2021,4689340,J.J. Jernighan,RB,Mississippi State,SEC,18,0.124,0.076,0.248,-0.135,0.067,,0.148,0.074,2.224,0.983,1.241,-0.945,0.672,,1.779,0.445
2021,4429610,Daijun Edwards,RB,Georgia,SEC,53,0.132,0.592,0.095,0.069,0.241,0.274,0.097,0.23,7,2.367,4.634,1.788,3.863,2.743,3.781,3.22
2021,4427694,Casey Kelly,TE,Ole Miss,SEC,23,0.134,0.134,,0.414,0.513,0.832,0.065,0.291,3.08,3.08,,3.316,5.127,2.496,1.043,2.037
2021,4429079,Luke Doty,QB,South Carolina,SEC,170,0.138,0.171,-0.066,-0.094,0.428,0.528,0.024,0.275,23.381,24.971,-1.59,-6.196,20.969,25.337,2.218,21.164
2021,4429013,Tank Bigsby,RB,Auburn,SEC,252,0.144,0.034,0.157,0.012,0.202,0.604,0.128,0.206,36.292,0.916,35.376,1.749,16.741,13.892,25.582,10.711
2021,4362748,Tyler Badie,RB,Missouri,SEC,309,0.146,0.176,0.139,0.089,0.108,0.417,0.121,0.238,45.222,10.538,34.684,14.624,11.3,15.858,29.06,16.161
2021,4429804,Jimmy Calloway,WR,Tennessee,SEC,9,0.146,0.146,,0.477,0.924,-0.438,0.324,-0.21,1.317,1.317,,2.384,1.847,-0.438,1.947,-0.63
2021,4430823,Thaiu Jones-Bell,WR,Alabama,SEC,2,0.152,0.152,,0.447,-0.142,,0.152,,0.304,0.304,,0.447,-0.142,,0.304,
2021,4426475,Tyrion Davis-Price,RB,LSU,SEC,218,0.156,0.302,0.147,-0.032,0.036,0.562,0.201,-0.033,33.942,3.618,30.324,-3.41,2.681,16.286,35.314,-1.372
2021,4689338,Dillon Johnson,RB,Mississippi State,SEC,149,0.157,0.062,0.231,0.094,0.218,0.323,0.163,0.126,23.413,4.033,19.379,8.361,8.919,6.132,20.255,3.158
2021,4426891,Isaiah Spiller,RB,Texas A&M,SEC,211,0.158,0.269,0.137,-0.016,0.08,1.053,0.05,0.578,33.302,8.889,24.413,-1.775,5.97,24.225,8.435,24.867
2021,4429501,Re'Mahn Davis,RB,Vanderbilt,SEC,16,0.167,,0.167,-0.116,0.209,,0.116,0.387,2.664,,2.664,-1.164,1.043,,1.503,1.161
2021,4426341,Dominick Blaylock,WR,Georgia,SEC,3,0.169,0.169,,,0.394,-0.282,,0.169,0.506,0.506,,,0.788,-0.282,,0.506
2021,4432734,Jalen Milroe,QB,Alabama,SEC,21,0.178,-0.357,0.579,-0.262,-0.539,1.348,-0.34,1.02,3.733,-3.212,6.946,-2.096,-3.77,6.739,-4.424,8.157
2021,4431310,Henry Parrish Jr.,RB,Ole Miss,SEC,119,0.179,0.189,0.176,0.187,0.079,-0.078,0.233,-0.008,21.251,4.348,16.904,10.874,2.926,-1.409,21.48,-0.228
2021,4360698,Joe Milton,QB,Tennessee,SEC,89,0.184,0.029,0.686,-0.006,0.087,0.48,0.084,0.296,16.378,1.979,14.399,-0.181,2.698,11.514,3.954,12.424
2021,4433945,Elijah Young,RB,Missouri,SEC,47,0.185,0.676,0.052,-0.003,0.115,1.08,0.205,0.087,8.69,6.759,1.931,-0.083,1.842,4.321,7.994,0.696
2021,4270055,Grant Frerking,WR,Tennessee,SEC,2,0.185,0.185,,,0.185,,0.765,-0.396,0.37,0.37,,,0.37,,0.765,-0.396
2021,4389868,Trey Adkins,WR,South Carolina,SEC,2,0.189,0.189,,-0.716,1.094,,0.189,,0.378,0.378,,-0.716,1.094,,0.378,
2021,4241474,Brian Robinson Jr.,RB,Alabama,SEC,312,0.191,0.482,0.146,0.07,0.153,0.777,0.169,0.332,59.661,20.247,39.414,12.845,12.862,31.085,45.381,14.28
2021,4426494,John Rhys Plumlee,QB,Ole Miss,SEC,31,0.192,0.344,-0.438,0.193,0.495,-0.416,0.083,0.459,5.96,8.59,-2.63,3.084,4.954,-2.078,1.831,4.128
2021,4695580,Malcolm Johnson Jr.,WR,Auburn,SEC,15,0.199,0.274,-0.099,0.468,-0.094,0.11,0.247,0.127,2.987,3.283,-0.297,2.81,-0.376,0.552,2.224,0.763
2021,4567244,Jadon Jackson,WR,Ole Miss,SEC,7,0.206,0.206,,0.493,-0.102,-0.215,0.493,-0.177,1.439,1.439,,1.971,-0.102,-0.43,1.971,-0.532
2021,4567774,Agiye Hall,WR,Alabama,SEC,9,0.21,0.21,,0.232,-0.677,1.378,0.398,-0.025,1.889,1.889,,0.464,-2.709,4.134,1.989,-0.1
2021,4426847,Zach Calzada,QB,Texas A&M,SEC,359,0.214,0.202,0.505,0.191,0.269,0.17,0.146,0.295,76.917,69.337,7.58,26.234,31.251,17.516,28.538,48.379
2021,4361777,Zamir White,RB,Georgia,SEC,172,0.215,0.122,0.222,0.163,0.178,0.616,0.237,-0.044,37.056,1.469,35.587,16.943,9.27,9.247,37.634,-0.578
2021,4432545,Jabari Small,RB,Tennessee,SEC,150,0.218,0.561,0.19,0.312,0.124,0.482,0.293,-0.097,32.629,6.167,26.463,23.42,6.934,7.717,35.441,-2.812
2021,4685723,Roydell Williams,RB,Alabama,SEC,54,0.219,0.732,0.155,0.149,0.236,0.225,0.156,0.579,11.829,4.394,7.435,4.182,4.723,1.126,7.195,4.635
2021,4245147,Jamire Calvin,WR,Mississippi State,SEC,34,0.228,0.228,,0.121,0.278,,0.216,0.298,7.764,7.764,,2.174,3.898,,6.276,1.488
2021,4430063,Dominique Johnson,RB,Arkansas,SEC,96,0.228,0.385,0.216,0.228,0.205,0.262,0.225,0.241,21.882,2.695,19.187,11.422,7.167,2.615,17.296,4.586
2021,4430034,Xavier Legette,WR,South Carolina,SEC,11,0.231,0.231,,0.252,0.738,0.704,-0.351,0.716,2.541,2.541,,0.503,4.43,1.409,-1.753,4.294
2021,4433932,Mike Wright,QB,Vanderbilt,SEC,243,0.232,0.18,0.364,0.149,-0.075,0.644,0.079,0.43,56.466,31.327,25.139,12.256,-5.993,45.083,10.838,45.628
2021,4601080,Raheim Sanders,RB,Arkansas,SEC,118,0.234,0.679,0.184,0.074,0.288,0.589,0.156,0.473,27.63,8.144,19.485,3.569,14.377,10.021,13.916,13.714
2021,4596437,AJ Green,RB,Arkansas,SEC,59,0.24,0.499,0.174,-0.176,0.19,1.259,0.2,0.313,14.161,5.993,8.168,-4.745,3.793,15.113,7.588,6.573
2021,4240603,Malik Davis,RB,Florida,SEC,122,0.241,0.49,0.156,0.079,0.258,0.648,0.186,0.445,29.441,15.203,14.239,4.964,10.569,9.719,17.869,11.572
2021,4428995,Demond Demas,WR,Texas A&M,SEC,30,0.242,0.242,,0.84,0.063,-0.597,0.635,-0.208,7.25,7.25,,10.076,0.753,-3.58,10.164,-2.915
2021,4429059,Jo'quavious Marks,RB,Mississippi State,SEC,188,0.246,0.286,0.202,0.096,0.261,0.465,0.194,0.417,46.328,28.337,17.991,8.807,14.374,17.204,27.961,18.367
2021,4567246,Snoop Conner,RB,Ole Miss,SEC,140,0.255,0.181,0.264,0.016,0.31,0.946,0.242,0.308,35.672,2.711,32.961,1.053,14.892,20.811,27.351,8.321
2021,4596608,Chance Luper,WR,Missouri,SEC,29,0.261,0.279,-0.228,-0.219,0.315,0.582,0.182,0.392,7.581,7.809,-0.228,-2.191,4.097,2.91,3.267,4.313
2021,4426330,Jerrion Ealy,RB,Ole Miss,SEC,158,0.271,0.473,0.224,0.16,0.204,0.746,0.218,0.438,42.805,14.176,28.629,12.331,9.377,20.899,26.172,16.633
2021,4362619,Chris Rodriguez Jr.,RB,Kentucky,SEC,164,0.275,0.336,0.268,0.261,0.283,0.393,0.271,0.306,45.124,5.704,39.42,25.335,15.827,3.533,38.703,6.42
2021,4035525,Zeb Noland,QB,South Carolina,SEC,113,0.277,0.315,-0.111,-0.008,0.398,0.439,0.045,0.475,31.356,32.47,-1.114,-0.294,13.937,14.06,2.361,28.995
2021,4362603,Brenden Bates,TE,Kentucky,SEC,13,0.291,0.291,,0.134,0.036,2.565,0.404,0.036,3.785,3.785,,1.075,0.146,2.565,3.639,0.146
2021,4567218,Bo Nix,QB,Auburn,SEC,380,0.293,0.262,0.516,0.164,0.276,0.537,0.224,0.4,111.313,87.555,23.758,24.377,33.714,54.222,51.749,59.565
2021,4249624,Nick Muse,TE,South Carolina,SEC,34,0.309,0.309,,0.357,0.522,0.603,0.433,0.152,10.511,10.511,,5.001,3.655,5.428,8.233,2.277
2021,4248558,Jason Brown,QB,South Carolina,SEC,113,0.31,0.321,0.115,-0.311,0.512,0.65,0.004,0.67,35.073,34.383,0.69,-13.363,16.39,22.748,0.221,34.852
2021,4426444,Connor Bazelak,QB,Missouri,SEC,362,0.312,0.327,0.035,0.24,0.192,0.541,0.329,0.292,113.004,112.372,0.632,30.221,23.413,57.326,64.164,48.84
2021,4566196,Will Rogers,QB,Mississippi State,SEC,723,0.317,0.331,-0.015,0.165,0.341,0.628,0.204,0.536,229.319,229.748,-0.43,53.228,86.27,85.34,97.517,131.802
2021,4567185,Hudson Henry,TE,Arkansas,SEC,5,0.32,0.32,,,-0.295,0.73,-0.295,0.73,1.599,1.599,,,-0.59,2.189,-0.59,2.189
2021,4429160,Devon Achane,RB,Texas A&M,SEC,156,0.321,0.372,0.31,0.315,0.232,0.664,0.356,0.155,50.086,10.407,39.679,27.723,11.346,11.287,45.907,4.179
2021,4685740,Max Johnson,QB,LSU,SEC,423,0.324,0.339,0.197,0.044,0.362,0.645,0.219,0.476,137.153,128.664,8.49,7.313,46.664,76.778,54.849,82.304
2021,4428993,Haynes King,QB,Texas A&M,SEC,40,0.331,0.275,0.838,-0.047,-0.156,1.619,-0.249,1.116,13.248,9.898,3.35,-0.753,-2.189,16.19,-5.728,18.976
2021,4379399,James Cook,RB,Georgia,SEC,142,0.334,0.757,0.225,0.326,0.177,1.218,0.329,0.356,47.381,21.946,25.435,24.802,8.309,20.71,38.835,8.546
2021,4429001,Jase McClellan,RB,Alabama,SEC,52,0.338,1.118,0.104,0.147,0.232,0.809,0.304,0.481,17.587,13.417,4.171,3.978,3.475,7.28,12.775,4.812
2021,4360230,Emory Jones,QB,Florida,SEC,480,0.353,0.374,0.295,0.195,0.433,0.672,0.285,0.479,169.385,131.039,38.347,40.122,62.833,77.905,88.852,80.533
2021,4429165,Len'Neth Whitehead,RB,Tennessee,SEC,33,0.356,0.835,0.341,0.317,0.197,1.116,0.53,-0.619,11.742,0.835,10.907,4.121,3.156,4.464,14.834,-3.093
2021,4429435,Brady Cook,QB,Missouri,SEC,79,0.365,0.311,0.547,0.235,-0.047,1.005,0.183,0.715,28.809,18.956,9.853,7.045,-1.303,20.091,9.514,19.295
2021,4567241,Kinkead Dent,QB,Ole Miss,SEC,5,0.366,-0.408,3.458,0.355,-0.899,-0.543,0.541,-0.335,1.828,-1.63,3.458,0.355,-0.899,-1.086,2.163,-0.335
2021,4362788,Ben Bresnahan,TE,Vanderbilt,SEC,13,0.379,0.379,,0.107,0.192,0.729,0.671,0.129,4.929,4.929,,0.32,0.962,3.646,4.026,0.903
2021,4692835,Jalen Brooks,WR,South Carolina,SEC,27,0.379,0.379,,0.334,0.531,0.782,0.476,0.273,10.223,10.223,,3.673,4.775,4.691,6.668,3.555
2021,4426354,George Pickens,WR,Georgia,SEC,9,0.39,0.39,,0.909,-1.052,0.535,1.059,-0.947,3.512,3.512,,4.545,-2.104,1.071,6.353,-2.841
2021,4692590,Jalin Hyatt,WR,Tennessee,SEC,33,0.391,0.381,0.708,-0.186,0.574,1.037,0.267,0.639,12.892,12.184,0.708,-2.047,9.753,5.185,5.868,7.025
2021,4361418,Will Levis,QB,Kentucky,SEC,456,0.393,0.307,0.77,0.25,0.177,0.805,0.333,0.5,179.371,113.882,65.49,44.812,23.756,105.446,96.432,82.939
2021,4362874,Matt Corral,QB,Ole Miss,SEC,520,0.397,0.337,0.597,0.334,0.399,0.435,0.356,0.463,206.599,134.318,72.281,74.143,64.248,48.283,114.396,92.203
2021,4592832,Marcus Burke,WR,Florida,SEC,7,0.398,0.398,,-0.321,2.149,-0.224,-0.321,1.358,2.789,2.789,,-1.285,4.298,-0.224,-1.285,4.074
2021,4429153,Lideatrick Griffin,WR,Mississippi State,SEC,30,0.398,0.398,,0.313,0.517,0.416,0.279,0.605,11.951,11.951,,4.381,4.655,2.915,5.298,6.653
2021,4427391,Kenny McIntosh,RB,Georgia,SEC,84,0.405,0.838,0.2,0.315,-0.054,1.039,0.387,0.463,34.007,22.618,11.389,11.981,-1.567,14.545,24.75,9.256
2021,4875197,Tiyon Evans,RB,Tennessee,SEC,87,0.406,1.097,0.355,0.411,0.304,0.656,0.351,0.652,35.345,6.585,28.76,15.601,8.209,12.455,24.906,10.439
2021,4374303,JT Daniels,QB,Georgia,SEC,98,0.407,0.429,-0.281,0.084,0.169,1.16,0.157,0.819,39.898,40.74,-0.842,3.197,5.578,30.173,9.586,30.312
2021,4567149,KJ Jefferson,QB,Arkansas,SEC,404,0.408,0.409,0.404,0.364,0.126,0.677,0.385,0.441,164.695,121.054,43.64,60.723,14.208,77.817,91.943,72.751
2021,4685769,Justin Robinson,WR,Georgia,SEC,4,0.412,0.412,,2.53,-0.295,,1.047,-0.224,1.646,1.646,,2.53,-0.884,,2.094,-0.447
2021,4429084,Anthony Richardson,QB,Florida,SEC,114,0.415,0.245,0.656,0.338,-0.047,0.944,0.444,0.346,47.299,16.447,30.853,17.25,-1.61,22.663,35.551,11.748
2021,4689342,Omni Wells,RB,Mississippi State,SEC,3,0.416,0.416,,2.543,-0.647,,0.416,,1.249,1.249,,2.543,-1.293,,1.249,
2021,4430828,Mookie Cooper,WR,Missouri,SEC,22,0.419,0.698,-0.069,0.542,-0.03,0.686,0.451,0.31,9.221,9.772,-0.551,5.967,-0.178,3.431,7.669,1.552
2021,4242661,Chris Pierce,WR,Vanderbilt,SEC,70,0.424,0.424,,0.369,0.225,0.842,0.204,0.632,29.696,29.696,,8.109,4.27,21.884,6.93,22.766
2021,4242442,Princeton Fant,TE,Tennessee,SEC,26,0.429,0.429,,0.557,0.574,0.138,0.44,0.408,11.155,11.155,,6.687,5.17,0.551,7.485,3.67
2021,4240858,Hendon Hooker,QB,Tennessee,SEC,464,0.43,0.472,0.324,0.182,0.557,0.756,0.314,0.67,199.407,156.627,42.78,38.301,75.722,74.808,98.196,101.211
2021,4602788,Jackson Meeks,WR,Georgia,SEC,5,0.434,0.434,,,1.248,-0.109,,0.434,2.169,2.169,,,2.495,-0.326,,2.169
2021,4361778,Kearis Jackson,WR,Georgia,SEC,25,0.439,0.406,1.232,0.392,0.642,0.352,0.609,0.183,10.972,9.74,1.232,4.307,3.85,2.816,9.14,1.832
2021,4567235,Luke Deal,TE,Auburn,SEC,11,0.44,0.44,,-0.085,0.807,2.142,0.493,0.299,4.842,4.842,,-0.426,3.228,2.142,3.944,0.898
2021,4430817,Xzavier Henderson,WR,Florida,SEC,37,0.445,0.445,,0.341,0.42,0.741,0.419,0.504,16.455,16.455,,7.167,3.362,5.927,10.906,5.549
2021,4360238,Dameon Pierce,RB,Florida,SEC,118,0.449,1.044,0.335,0.224,0.534,0.923,0.391,0.699,52.95,19.83,33.121,13.017,25.1,9.231,37.566,15.384
2021,4362852,Dakereon Joyner,WR,South Carolina,SEC,52,0.45,0.577,0.136,0.094,0.981,0.921,0.346,0.706,23.403,21.361,2.043,2.526,15.703,7.366,12.806,10.597
2021,4426407,Trey Palmer,WR,LSU,SEC,40,0.452,0.529,-1.01,0.059,0.557,1.046,0.376,0.612,18.098,20.117,-2.019,1.061,9.461,4.182,10.142,7.956
2021,4035851,Demetris Robertson,WR,Auburn,SEC,64,0.453,0.481,0.12,0.219,0.315,1.173,0.307,0.73,28.972,28.369,0.602,7.663,4.73,14.076,12.908,16.064
2021,4362785,Amir Abdur-Rahman,WR,Vanderbilt,SEC,21,0.454,0.454,,0.211,0.466,0.564,0.134,1.479,9.541,9.541,,1.69,3.725,1.692,2.149,7.393
2021,4371977,Shaun Shivers,RB,Auburn,SEC,39,0.459,0.342,0.668,0.481,-0.067,0.682,0.467,0.449,17.889,8.539,9.35,4.328,-0.809,10.912,9.35,8.539
2021,4685720,Bryce Young,QB,Alabama,SEC,625,0.46,0.457,0.507,0.164,0.415,0.896,0.286,0.692,287.446,266.162,21.285,35.398,97.995,149.634,102.05,185.396
2021,4361332,Shedrick Jackson,WR,Auburn,SEC,64,0.47,0.47,,0.733,0.102,0.241,0.628,0.279,30.059,30.059,,14.664,2.848,3.139,21.971,8.088
2021,4242209,Jontre Kirklin,WR,LSU,SEC,27,0.472,0.753,0.064,0.107,-0.083,1.1,0.395,0.603,12.749,12.047,0.702,1.073,-0.744,6.602,6.717,6.032
2021,4596439,Dominic Lovett,WR,Missouri,SEC,28,0.479,0.368,1.143,0.524,0.053,1.147,0.509,0.439,13.411,8.837,4.574,5.242,0.526,8.027,8.139,5.272
2021,4426800,Ahmarean Brown,WR,South Carolina,SEC,12,0.481,0.589,-0.703,0.471,0.582,0.034,0.456,0.53,5.773,6.476,-0.703,2.827,2.912,0.034,3.652,2.121
2021,4242178,De'Vion Warren,WR,Arkansas,SEC,25,0.482,0.588,0.058,0.543,0.01,0.837,0.53,0.287,12.041,11.751,0.29,10.326,0.041,1.673,10.605,1.436
2021,4685975,Chance Lovertich,QB,Mississippi State,SEC,21,0.486,0.544,0.14,0.517,0.685,-0.398,0.356,0.903,10.21,9.789,0.421,6.21,4.797,-0.796,5.696,4.514
2021,4567102,Paul Tyson,QB,Alabama,SEC,16,0.494,0.494,,1.08,-0.427,0.94,0.786,0.319,7.907,7.907,,5.399,-1.282,6.577,4.714,3.193
2021,4362614,Tyler Markray,RB,Kentucky,SEC,1,0.497,,0.497,0.497,,,0.497,,0.497,,0.497,0.497,,,0.497,
2021,4259553,Stetson Bennett,QB,Georgia,SEC,343,0.501,0.468,0.731,0.314,0.719,0.508,0.361,0.72,171.689,141.006,30.683,45.788,73.382,44.727,75.866,95.822
2021,4612266,Rufus Harvey,WR,Mississippi State,SEC,7,0.505,0.505,,0.017,0.322,2.824,0.017,1.156,3.537,3.537,,0.069,0.645,2.824,0.069,3.469
2021,4428952,Jalen Wydermyer,TE,Texas A&M,SEC,61,0.511,0.511,,0.483,0.696,0.163,0.365,0.752,31.149,31.149,,13.028,13.923,2.117,13.857,17.292
2021,4428532,Ainias Smith,RB,Texas A&M,SEC,79,0.511,0.588,-0.176,0.388,0.212,1.076,0.433,0.638,40.335,41.745,-1.41,13.953,4.865,21.518,21.2,19.135
2021,4360115,Slade Bolden,WR,Alabama,SEC,56,0.511,0.541,-1.12,0.615,0.238,0.627,0.691,0.161,28.627,29.747,-1.12,13.532,3.804,11.291,25.571,3.056
2021,4259908,Braylon Sanders,WR,Ole Miss,SEC,43,0.511,0.511,,0.229,1.366,-0.006,0.434,0.737,21.98,21.98,,5.045,17.763,-0.045,13.873,8.106
2021,4429062,Ze'Vian Capers,WR,Auburn,SEC,7,0.524,0.524,,0.918,0.239,-0.12,0.918,0,3.67,3.67,,3.671,0.239,-0.24,3.671,0
2021,4430257,Corren Norman,RB,LSU,SEC,1,0.537,,0.537,,,0.537,,0.537,0.537,,0.537,,,0.537,,0.537
2021,4426459,Chase Lane,WR,Texas A&M,SEC,16,0.54,0.54,,0.29,0.287,0.958,0.158,0.922,8.638,8.638,,1.451,1.437,5.75,1.266,7.373
2021,4379405,Jaylen Johnson,WR,Georgia,SEC,5,0.544,0.607,0.29,0.482,-0.373,2.503,-0.025,1.397,2.72,2.43,0.29,0.963,-0.747,2.503,-0.074,2.794
2021,4242526,John Samuel Shenker,TE,Auburn,SEC,43,0.549,0.567,-0.208,0.31,0.42,1.741,0.436,0.809,23.598,23.806,-0.208,6.198,6.716,10.446,13.077,10.521
2021,4259800,Barrett Banister,WR,Missouri,SEC,35,0.559,0.622,-1.597,0.22,0.423,1.655,0.309,0.982,19.56,21.157,-1.597,2.861,6.768,9.931,6.797,12.764
2021,4567151,Trey Knox,WR,Arkansas,SEC,20,0.568,0.568,,0.2,0.438,0.803,0.577,0.555,11.369,11.369,,1.804,2.192,4.015,6.925,4.444
2021,4035065,Justin Rigg,TE,Kentucky,SEC,22,0.572,0.572,,0.94,0.207,0.904,0.535,0.636,12.577,12.577,,9.4,2.273,0.904,7.492,5.084
2021,4429787,Niko Hea,TE,Missouri,SEC,19,0.593,0.593,,0.679,0.579,-0.062,0.542,0.681,11.27,11.27,,4.75,5.212,-0.124,6.504,4.767
2021,4569587,Wan'Dale Robinson,WR,Kentucky,SEC,147,0.598,0.596,0.631,0.357,0.624,1.209,0.417,0.96,87.925,83.506,4.42,24.654,29.934,35.073,40.864,47.062
2021,4430325,Makai Polk,WR,Mississippi State,SEC,120,0.599,0.608,-0.417,0.569,0.739,0.478,0.491,0.793,71.93,72.347,-0.417,32.414,26.605,12.912,37.813,34.117
2021,4568063,JaVonta Payton,WR,Tennessee,SEC,37,0.601,0.651,-1.189,0.227,1.242,-0.245,0.7,0.176,22.245,23.434,-1.189,4.092,14.9,-1.227,21.011,1.234
2021,4362794,Cam Johnson,WR,Vanderbilt,SEC,33,0.604,0.64,-0.559,0.053,0.574,1.383,0.193,1.096,19.917,20.477,-0.559,0.689,4.021,16.592,3.481,16.436
2021,4363030,Warren Thompson,WR,Arkansas,SEC,33,0.611,0.611,,0.737,-0.168,0.886,0.372,0.937,20.175,20.175,,9.579,-1.342,9.748,7.062,13.112
2021,4369864,Jacob Warren,TE,Tennessee,SEC,20,0.62,0.62,,0.565,0.783,0.568,0.718,0.438,12.398,12.398,,4.519,4.697,2.842,9.333,3.065
2021,4567415,Trent Whittemore,WR,Florida,SEC,30,0.62,0.62,,0.212,0.765,1.249,0.677,0.536,18.614,18.614,,1.907,8.412,9.996,12.182,6.432
2021,4567096,John Metchie,WR,Alabama,SEC,126,0.624,0.623,0.711,0.18,0.61,1.446,0.292,1.068,78.645,77.934,0.711,9.368,25.013,46.269,20.993,57.652
2021,4429172,Traeshon Holden,WR,Alabama,SEC,26,0.626,0.626,,-0.01,0.819,1.227,0.29,1.164,16.282,16.282,,-0.088,9.008,7.362,4.639,11.643
2021,4431051,Izayah Cummings,WR,Kentucky,SEC,24,0.633,0.633,,0.151,0.33,1.273,-0.049,1.439,15.198,15.198,,1.509,1.651,8.911,-0.631,15.829
2021,4379401,John FitzPatrick,TE,Georgia,SEC,7,0.66,0.66,,0.906,0.024,,0.915,0.024,4.623,4.623,,3.625,0.048,,4.575,0.048
2021,4597500,Adonai Mitchell,WR,Georgia,SEC,49,0.667,0.664,0.839,0.386,0.923,0.998,0.421,1.131,32.704,31.865,0.839,9.653,11.071,11.98,13.482,19.222
2021,4578654,Jaden Walley,WR,Mississippi State,SEC,64,0.675,0.675,,0.577,0.712,0.668,0.589,0.85,43.189,43.189,,15.573,20.645,4.679,25.341,17.848
2021,4689334,Malik Heath,WR,Mississippi State,SEC,42,0.675,0.675,,0.15,0.643,2.43,0.42,1.187,28.361,28.361,,2.852,10.927,14.582,11.747,16.613
2021,4242167,Tyson Morris,WR,Arkansas,SEC,25,0.689,0.689,,0.206,1.187,1.26,0.188,1.152,17.229,17.229,,2.263,5.936,10.076,2.26,14.97
2021,4692541,Michael Cox,RB,Missouri,SEC,17,0.694,,0.694,0.03,0.462,3.072,0.276,1.696,11.798,,11.798,0.274,2.308,9.215,3.317,8.481
2021,4683234,La'Vell Wright,RB,Kentucky,SEC,9,0.704,,0.704,1.332,0.002,-0.332,0.827,-0.281,6.333,,6.333,6.658,0.007,-0.332,6.614,-0.281
2021,4587702,Christian Leary,WR,Alabama,SEC,5,0.705,1.353,0.273,0.029,1.786,-0.106,0.273,1.353,3.525,2.707,0.818,0.059,3.572,-0.106,0.818,2.707
2021,4430833,Ja'Quavion Fraziars,WR,Florida,SEC,7,0.708,0.708,,0.004,2.523,-0.106,0.844,-0.106,4.956,4.956,,0.016,5.046,-0.106,5.062,-0.106
2021,4429751,DeMarcus Harris,WR,Kentucky,SEC,15,0.713,0.713,,0.701,0.145,1.499,0.721,0.7,10.69,10.69,,5.611,0.581,4.498,6.488,4.201
2021,4360233,Jacob Copeland,WR,Florida,SEC,57,0.721,0.778,-0.313,0.814,0.046,1.619,0.634,0.881,41.095,42.033,-0.938,18.716,0.879,22.664,23.473,17.621
2021,4037564,Jahcour Pearson,WR,Ole Miss,SEC,36,0.724,0.795,-0.062,0.327,0.819,1.237,0.571,0.995,26.061,26.247,-0.186,5.557,9.004,8.662,13.128,12.933
2021,4567105,Jahleel Billingsley,TE,Alabama,SEC,27,0.725,0.725,,-0.379,0.798,1.402,0.486,1.202,19.57,19.57,,-3.033,9.575,7.009,8.755,10.814
2021,4426463,Dannis Jackson,WR,Ole Miss,SEC,20,0.733,0.733,,1.084,1.006,0.73,0.764,0.686,14.659,14.659,,10.835,3.018,4.38,9.169,5.49
2021,4241566,Chase Rogers,TE,Ole Miss,SEC,9,0.737,0.737,,1.203,0.328,-0.02,0.938,0.333,6.63,6.63,,6.014,0.656,-0.04,5.63,1
2021,4426485,Jonathan Mingo,WR,Ole Miss,SEC,21,0.76,0.76,,0.351,1.438,0.694,0.375,1.183,15.954,15.954,,3.161,8.628,4.165,4.121,11.833
2021,4608679,Will Sheppard,WR,Vanderbilt,SEC,45,0.762,0.762,,0.829,0.603,0.822,0.37,1.076,34.306,34.306,,10.771,10.245,11.508,7.405,26.902
2021,4567234,Tyler Fromm,TE,Auburn,SEC,10,0.766,0.766,,0.162,-0.006,1.669,0.95,0.49,7.661,7.661,,0.649,-0.019,3.339,5.699,1.962
2021,4567217,Ja'Varrius Johnson,WR,Auburn,SEC,30,0.766,0.596,3.141,0.446,0.68,1.048,0.383,1.266,22.971,16.69,6.281,4.013,5.438,12.581,6.519,16.453
2021,4361426,Justin Shorter,WR,Florida,SEC,54,0.767,0.767,,0.383,1.2,1.231,0.531,1.24,41.439,41.439,,11.118,18.006,12.315,19.114,22.324
2021,4429056,Kobe Hudson,WR,Auburn,SEC,63,0.772,0.772,,0.407,0.672,1.383,0.433,1.17,48.643,48.643,,6.914,15.454,30.423,14.706,33.936
2021,4612826,Ladd McConkey,WR,Georgia,SEC,44,0.797,0.79,0.872,0.943,0.92,0.393,1.029,0.462,35.071,31.583,3.489,16.031,14.716,4.324,26.747,8.324
2021,4567532,Devin Boddie Jr.,WR,Vanderbilt,SEC,25,0.803,0.786,1,0.412,0.314,1.567,0.575,1.144,20.07,18.071,1.999,3.295,2.51,10.972,8.626,11.444
2021,4372522,Jalen Preston,WR,Texas A&M,SEC,26,0.804,0.804,,0.816,0.598,1.049,0.599,0.955,20.914,20.914,,4.894,6.579,9.442,6.585,14.329
2021,4567416,Ja'Markis Weston,WR,Florida,SEC,7,0.806,0.806,,0.907,,-0.216,0.806,,5.645,5.645,,2.72,,-0.647,5.645,
2021,4426481,Devonta Lee,WR,LSU,SEC,10,0.814,0.814,,0.042,1.157,1.67,0.496,1.555,8.136,8.136,,0.169,4.627,3.34,3.469,4.666
2021,4259976,Josh Ali,WR,Kentucky,SEC,57,0.821,0.791,2.522,0.975,0.285,1.218,0.972,0.598,46.802,44.281,2.522,23.409,5.123,18.27,33.046,13.756
2021,4430657,Devin Price,WR,Texas A&M,SEC,1,0.823,0.823,,,0.823,,0.823,,0.823,0.823,,,0.823,,0.823,
2021,4035100,Micah Wilson,WR,Missouri,SEC,4,0.825,0.059,1.08,,0.059,0.823,1.08,0.059,3.298,0.059,3.239,,0.059,1.646,3.239,0.059
2021,4362862,Josh Vann,WR,South Carolina,SEC,73,0.826,0.796,1.238,0.163,0.985,1.597,0.165,1.774,60.296,54.106,6.19,5.214,16.744,38.338,7.083,53.213
2021,4431340,Javion Hunt,RB,Arkansas,SEC,4,0.829,,0.829,-0.106,,1.193,0.829,,3.317,,3.317,-0.212,,1.193,3.317,
2021,4035693,Velus Jones Jr.,WR,Tennessee,SEC,77,0.832,0.828,1.17,0.409,0.439,1.519,0.54,1.344,64.079,62.908,1.17,13.484,8.337,34.927,26.455,37.624
2021,4567402,Keon Zipperer,TE,Florida,SEC,12,0.843,0.843,,0.302,1.449,1.703,0.681,1.329,10.117,10.117,,2.111,2.897,5.108,6.13,3.987
2021,4241235,OrTre Smith,WR,South Carolina,SEC,1,0.856,0.856,,,0.856,,0.856,,0.856,0.856,,,0.856,,0.856,
2021,4372545,Max Wright,TE,Texas A&M,SEC,3,0.861,0.861,,0.825,0.933,,0.861,,2.582,2.582,,1.649,0.933,,2.582,
2021,4259984,Isaiah Epps,WR,Kentucky,SEC,14,0.862,0.862,,0.881,0.002,1.277,0.917,0.807,12.07,12.07,,4.405,0.005,7.659,6.417,5.652
2021,4034963,Rick Wells,WR,Florida,SEC,29,0.862,0.836,1.584,0.817,0.689,1.464,1.006,0.626,25.002,23.419,1.584,12.255,6.89,5.857,18.111,6.891
2021,4432732,Walker Merrill,WR,Tennessee,SEC,5,0.862,0.862,,0.665,0.617,1.744,0.934,0.571,4.309,4.309,,1.331,1.234,1.744,3.738,0.571
2021,4240618,Kemore Gamble,TE,Florida,SEC,37,0.867,0.867,,0.731,0.526,1.241,0.769,1.172,32.072,32.072,,13.151,5.265,8.689,21.526,10.546
2021,4372541,Caleb Chapman,WR,Texas A&M,SEC,17,0.879,0.879,,0.734,1.027,0.872,0.586,1.208,14.939,14.939,,5.136,7.189,2.615,5.274,9.665
2021,4242248,Austin Williams,WR,Mississippi State,SEC,56,0.891,0.891,,0.746,0.639,1.677,0.64,1.575,49.877,49.877,,14.174,12.784,23.485,26.247,23.63
2021,4429022,Kayshon Boutte,WR,LSU,SEC,44,0.894,0.894,,0.652,1.245,1.124,0.83,1.063,39.332,39.332,,15.644,12.451,11.237,26.575,12.757
2021,4567240,Dontario Drummond,WR,Ole Miss,SEC,91,0.895,0.919,0.603,0.833,0.513,1.061,0.741,1.139,81.401,77.177,4.224,28.325,18.991,13.788,41.521,39.88
2021,4362763,Daniel Parker,TE,Missouri,SEC,12,0.906,0.906,,0.145,0.803,2.31,0.565,1.588,10.868,10.868,,0.724,3.214,6.93,4.517,6.351
2021,4079623,Blake Kern,TE,Arkansas,SEC,15,0.907,0.907,,1.089,0.241,0.4,0.886,0.932,13.609,13.609,,5.443,0.963,2.002,7.085,6.524
2021,4432665,Brock Bowers,TE,Georgia,SEC,79,0.917,0.934,0.589,0.844,0.715,1.631,0.72,1.238,72.426,70.07,2.356,30.398,20.724,21.204,35.28,37.146
2021,4567156,Treylon Burks,WR,Arkansas,SEC,93,0.918,1.035,0.198,0.807,0.411,1.539,0.887,0.986,85.36,82.783,2.577,37.908,9.861,32.327,56.752,28.608
2021,4362770,Messiah Swinson,TE,Missouri,SEC,6,0.922,0.922,,-0.703,0.193,1.51,0.516,1.124,5.529,5.529,,-0.703,0.193,6.04,1.032,4.497
2021,4431001,Elijah Canion,WR,Auburn,SEC,5,0.931,0.931,,1.034,0.652,1.665,0.807,1.117,4.655,4.655,,1.034,1.957,1.665,2.421,2.234
2021,4390104,Keke Chism,WR,Missouri,SEC,47,0.936,0.969,0.2,0.699,1.04,1.07,1.087,0.441,44.004,43.604,0.4,12.583,13.52,16.049,39.148,4.856
2021,4362802,Gavin Schoenwald,TE,Vanderbilt,SEC,5,0.943,0.943,,-0.18,,2.696,0.539,2.561,4.715,4.715,,-0.541,,2.696,2.155,2.561
2021,4381248,Tauskie Dove,WR,Missouri,SEC,43,0.951,0.951,,0.747,0.522,1.776,0.768,1.183,40.914,40.914,,14.941,6.263,17.756,18.428,22.486
2021,4431647,Chauncey Magwood,WR,Kentucky,SEC,2,0.959,0.959,,0.344,,1.573,0.344,1.573,1.918,1.918,,0.344,,1.573,0.344,1.573
2021,4595348,Malik Nabers,WR,LSU,SEC,39,0.963,0.928,1.267,0.229,0.97,1.56,0.371,1.525,37.556,32.486,5.069,3.208,11.638,18.72,7.047,30.509
2021,4692022,Javon Baker,WR,Alabama,SEC,8,0.965,0.965,,1.125,-0.146,2.392,0.62,1.54,7.721,7.721,,3.375,-0.439,4.785,3.1,4.621
2021,4603186,Jack Bech,WR,LSU,SEC,49,0.982,0.982,,0.776,0.834,1.325,0.693,1.282,48.096,48.096,,11.642,15.004,19.869,17.317,30.779
2021,4602192,Landen King,TE,Auburn,SEC,7,0.985,0.985,,2.054,0.269,0.915,2.436,0.405,6.898,6.898,,2.054,0.269,4.575,4.872,2.026
2021,4429129,Michael Drennen II,WR,Kentucky,SEC,3,0.987,,0.987,0.132,,2.696,0.987,,2.96,,2.96,0.264,,2.696,2.96,
2021,4429262,Jaheim Bell,TE,South Carolina,SEC,43,1.002,1.208,-0.06,0.414,1.574,1.18,0.649,1.541,43.065,43.486,-0.42,8.276,23.613,8.26,16.861,26.204
2021,4431277,Koy Moore,WR,LSU,SEC,6,1.008,1.008,,,1.301,0.424,1.047,1.001,6.051,6.051,,,5.202,0.849,1.047,5.004
2021,4426388,Jameson Williams,WR,Alabama,SEC,115,1.022,1.072,-0.355,0.683,0.768,2.09,0.732,1.386,117.564,118.985,-1.421,30.723,34.582,52.259,46.871,70.693
2021,4362650,Jaray Jenkins,WR,LSU,SEC,45,1.028,1.041,0.466,0.769,0.819,1.647,0.986,1.085,46.254,45.789,0.466,13.07,13.926,16.473,25.648,20.606
2021,4568026,Jack Mashburn,TE,LSU,SEC,4,1.031,1.031,,0.512,-0.527,,1.031,,4.122,4.122,,1.024,-0.527,,4.122,
2021,4689336,Caleb Ducking,WR,Mississippi State,SEC,11,1.058,1.058,,0.62,-0.174,3.822,0.443,3.822,11.633,11.633,,4.337,-0.348,7.644,3.989,7.644
2021,4431389,Ketron Jackson,WR,Arkansas,SEC,5,1.064,1.064,,2.788,-0.629,1.054,2.788,0.633,5.32,5.32,,2.788,-0.629,3.161,2.788,2.531
2021,4433921,Kole Taylor,TE,LSU,SEC,6,1.083,1.083,,0.109,-0.129,2.241,1.427,0.739,6.497,6.497,,0.109,-0.258,4.482,4.28,2.217
2021,4369863,Cedric Tillman,WR,Tennessee,SEC,84,1.091,1.091,,0.69,1.183,1.684,0.724,1.824,91.623,91.623,,27.601,29.564,25.261,40.555,51.067
2021,4602937,Colten Gauthier,QB,South Carolina,SEC,1,1.094,1.094,,,1.094,,1.094,,1.094,1.094,,,1.094,,1.094,
2021,4428451,Brett Seither,TE,Georgia,SEC,3,1.12,1.12,,0.716,1.322,,0.31,2.74,3.36,3.36,,0.716,2.643,,0.62,2.74
2021,4685144,Moose Muhammad III,WR,Texas A&M,SEC,13,1.159,1.159,,1.436,0.728,1.597,1.049,1.208,15.067,15.067,,4.308,4.371,6.388,4.197,10.869
2021,4567543,Justin Ball,TE,Vanderbilt,SEC,1,1.179,1.179,,1.179,,,1.179,,1.179,1.179,,1.179,,,1.179,
2021,4873170,Deion Smith,WR,LSU,SEC,14,1.196,1.196,,1.232,0.677,1.576,1.203,1.184,16.75,16.75,,6.162,2.707,7.881,10.831,5.919
2021,4360262,Jaquayln Crawford,WR,Arkansas,SEC,3,1.224,1.224,,-0.48,,2.076,-0.48,2.076,3.672,3.672,,-0.48,,4.151,-0.48,4.151
2021,4372026,Cameron Latu,TE,Alabama,SEC,34,1.399,1.399,,0.565,1.68,1.722,1.307,1.503,47.575,47.575,,3.392,25.206,18.947,23.525,24.049
2021,4692549,D'ionte Smith,WR,Missouri,SEC,10,1.405,1.52,0.949,1.415,1.798,0.171,1.546,1.077,14.055,12.156,1.898,8.489,5.395,0.171,10.823,3.232
2021,4429033,Jermaine Burton,WR,Georgia,SEC,30,1.455,1.455,,1.141,2.188,1.247,1.165,1.71,43.661,43.661,,13.689,17.501,12.47,16.308,27.353
2021,4430802,Darnell Washington,TE,Georgia,SEC,10,1.613,1.613,,1.909,1.348,2.877,1.43,1.797,16.135,16.135,,3.819,9.439,2.877,7.15,8.985
2021,4429483,Tae Tae Crumes,WR,Kentucky,SEC,1,1.621,1.621,,,1.621,,1.621,,1.621,1.621,,,1.621,,1.621,
2021,4429979,Traevon Kenion,TE,South Carolina,SEC,4,1.767,1.767,,,1.057,2.478,1.343,3.039,7.07,7.07,,,2.114,4.956,4.03,3.039
2021,4429105,Arian Smith,WR,Georgia,SEC,5,1.987,2.353,0.521,2.688,-0.286,,1.545,2.649,9.934,9.413,0.521,5.376,-0.571,,4.636,5.298
2021,4372013,Braxton Barker,QB,Alabama,SEC,1,2.187,2.187,,,,2.187,,2.187,2.187,2.187,,,,2.187,,2.187
2021,4596346,Jordan Dingle,TE,Kentucky,SEC,2,2.28,2.28,,1.595,,2.966,1.595,2.966,4.561,4.561,,1.595,,2.966,1.595,2.966
2021,4247724,Caylin Newton,WR,Auburn,SEC,1,2.725,2.725,,,2.725,,2.725,,2.725,2.725,,,2.725,,2.725,
2021,4431334,Chris Hilton Jr.,WR,LSU,SEC,2,3.262,3.262,,,-0.471,6.995,6.995,-0.471,6.524,6.524,,,-0.471,6.995,6.995,-0.471
2021,4689351,Carson Banks,WR,Mississippi State,SEC,1,3.28,3.28,,,3.28,,,3.28,3.28,3.28,,,3.28,,,3.28
2021,4692826,Payton Mangrum,WR,South Carolina,SEC,1,6.247,6.247,,,,,,6.247,6.247,6.247,,,,,,6.247